Project Code,Title,Commitment in U.A,Country,Starting Date,Status,Source of Financing,Sector,Sovereign
P-TN-HAA-004,6ème Ligne de Crédit à la Banque de développement économique de Tunisie (BDET),"UA 58,960,353.19",Tunisia,23 Jun 1993,Completion,African Development Bank,Finance,Sovereign
P-Z1-HZ0-034 ,Multinational - Africa Disaster Risk Financing (ADRiFi) Programme in The Gambia,"UA≈900,000.00",Multinational,27 Feb 2019,Implementation,Fragile States Facility,Finance,Sovereign
P-Z1-H00-026,Multinational - West African Development Bank (BOAD) - Line of Credit III,"UA 83,957,416.80",Multinational,23 Mar 2016,Implementation,African Development Bank,Finance,Non Sovereign
P-NG-HAB-004,Line of Credit to Zenith Bank Plc,"UA 45,629,954.11",Nigeria,02 Mar 2005,Completion,African Development Bank,Finance,Non Sovereign
P-ZR-HA0-624,Chad - Trade Finance Facility,"192,966.53 UA",Chad,07 Feb 2022,Implementation,Nigerian Trust Fund,Finance,Non Sovereign
P-Z1-HAA-725,Madagascar - Green Finance Facility,"UA 83,844.86",Madagascar,07 Jul 2006,Approved,Multi donor Trust Fund for Countries in Transition,Finance,Sovereign
P-SO-H00-001,Agricultural Line of Credit,"UA 10,992,528.85 (est.)",Somalia,26 Sep 1985,Cancelled,African Development Fund,Finance,Sovereign
P-MA-HAZ-001,Programme d'ajustement du secteur financier (I),"UA≈75,000,000.00",Morocco,27 Jan 1992,Completion,African Development Bank,Finance,Sovereign
,,UA nan (est.),,,,,,
P-NG-HAA-002,Nigeria - Domestic-oriented SME Financing Program,"UA 70,832,064.26 (est.)",Nigeria,26 May 2011,Implementation,African Development Bank,Finance,
P-NG-HA0-001,Nigeria - Line of Credit to United Bank for Africa Plc,"19,555,694.62 UA",Nigeria,20 Dec 2000,Completion,African Development Bank,Finance,Non Sovereign
P-NG-HAB-005,LOC to Guarantee Trust Bank,"UA 26,074,259.49 (est.)",Nigeria,12 Dec 2005,Completion,African Development Bank,Finance,Non Sovereign
P-MA-HAA-004,Ligne de Crédit (IV) à la Banque Nationale pour le Développement économique,"UA≈9,595,341.39",Morocco,24 Nov 1981,Completion,African Development Bank,Finance,Sovereign
,,UA nan (est.),,,,,,
P-Z1-HAA-009,East African Development Bank (Eadb) Line of Credit & Technical Assistance,"28,352,429.90 UA",Multinational,17 Dec 2003,Approved,African Development Bank,Finance,
P-EG-HAA-004,Line of Credit III to Dib (ADB),"UA 10,001,799.18 (est.)",Egypt,24 Nov 1981,Completion,African Development Bank,Finance,
P-TN-HAB-009,Tunisia - Amen Bank,"UA≈12,593,612.52",Tunisia,29 May 2019,Approved,African Development Bank,Finance,Non Sovereign
P-TN-HAA-023,Tunisia - Seventh Line of Credit to the « Banque de Développement économique de la Tunisie (BDET) »,"63,954,077.85 UA",Tunisia,17 May 2000,Completion,African Development Bank,Finance,
P-ZM-HB0-003,Zambia - CETZAM Financial Services PLC (under the Africa SME Program),"UA 1,087,358.37 (est.)",Zambia,21 Oct 2013,Completion,African Development Bank,Finance,Non Sovereign
P-LS-HA0-001,Rural C. & Banking Facilities (ADF),"UA 4,221,054.52",Lesotho,23 Sep 1986,Completion,African Development Fund,Finance,Sovereign
P-MU-HAB-002,Mauritius - Mauritius Commercial Bank (MCB),"UA 106,248,096.39",Mauritius,11 Sep 2013,Implementation,African Development Bank,Finance,Non Sovereign
P-MA-HA0-005,"Morocco - ""Groupe Banque Centrale Populaire""","UA 83,957,416.80",Morocco,27 Jun 2018,Implementation,African Development Bank,Finance,Non Sovereign
P-TZ-HAB-004,"Tanzania - Shilling line of credit to FirstRand Bank subsidiary, First National Bank of Tanzania Limited","UA 14,117,912.81 (est.)","Tanzania, United Republic of",12 Dec 2012,Implementation,African Development Bank,Finance,Non Sovereign
P-MU-HA0-001,Line of Credit II,"UA≈2,958,926.98",Mauritius,25 May 1982,Completion,African Development Bank,Finance,
P-Z1-H00-002,Multinational - African Trade Insurance,"UA 649,350.65",Multinational,22 Oct 2009,Completion,Fund for African Private Sector Assistance,Finance,Sovereign
P-MZ-HA0-001,Mozambique - Institutional Support Project to Banco Poprrlar de Desenvolvimento (BPD),"UA 2,148,936.03",Mozambique,30 Oct 1991,Completion,African Development Fund,Finance,Sovereign
P-NG-H00-004,Nigeria - Support for Nigerian Extractive Industries Transparency Initiatives (NEITI),"UA 146,010.31 (est.)",Nigeria,10 Jun 2015,Completion,Middle Income Countries Fund,Finance,Sovereign
P-ZW-HZ0-001,Zimbabwe - African Trade Insurance ,"2,080,000.00 UA",Zimbabwe,04 May 2016,Completion,Fragile States Facility,Finance,Sovereign
P-MA-HAA-008,"Sixth Line of Credit to the BNDE
","43,406,329.90 UA",Morocco,06 May 1993,Completion,African Development Bank,Finance,
P-NG-HAB-015,Nigeria - Line of Credit to the United Bank for Africa Plc under the Trade Finance Initiative,"65,185,648.73 UA",Nigeria,22 Jul 2009,Completion,African Development Bank,Finance,Non Sovereign
P-Z1-HZ0-022,Côte d'Ivoire - Regional African Trade Insurance Country Membership Programme (RACMP),"UA≈9,930,000.00",Multinational,23 Sep 2015,Completion,African Development Fund,Finance,Sovereign
P-MR-HAB-004,Mauritania - Line of Credit to Mauritania Leasing,"UA 3,624,527.91",Mauritania,17 Jul 2008,Completion,African Development Bank,Finance,Non Sovereign
P-GH-HAB-004,Ghana - UniBank (Ghana) Limited,"UA 10,374,233.17 (est.)",Ghana,14 Oct 2015,Implementation,African Development Bank,Finance,Non Sovereign
P-BW-HB0-004,Botswana - Middle Income Countries Technical Assistance Grant to Botswana Development Corporation (BDC),"UA 223,843.00",Botswana,06 Dec 2016,Implementation,Middle Income Countries Fund,Finance,Sovereign
P-AO-HAB-009,Angola - Line of Credit to « Banco Millennium Atlantico SA »,"UA≈23,415,605.04",Angola,15 Apr 2020,Approved,African Development Bank,Finance,Non Sovereign
P-MZ-HA0-003,B.P.D Institutional Support (Grant),"135,381.15 UA",Mozambique,20 Sep 1988,Completion,African Development Fund,Finance,Sovereign
P-Z1-HAA-051,FAPA- EADB 2013,"632,828.22 UA",Multinational,01 May 2013,Completion,Fund for African Private Sector Assistance,Finance,Sovereign
P-NG-HAB-022,"Nigeria - Naira line of credit to FirstRand Bank subsidiary, Rand Merchant Bank Nigeria Limited","UA 25,558,386.60",Nigeria,12 Dec 2012,Implementation,African Development Bank,Finance,Non Sovereign
P-TN-HAA-002,1ère Ligne de crédit à la Banque Nationale  Développement ,"UA 30,000,005.76",Tunisia,12 Dec 1984,Completion,African Development Bank,Finance,Sovereign
P-KE-HAB-041,Malawi - Financial Inclusion Initiative,"UA 102,921.75",Malawi,30 Sep 2019,Completion,Fund for African Private Sector Assistance,Finance,Non Sovereign
P-Z1-HZ0-005,FAPA  Technical Assistance ECOWAS Bank for Investment and Development (EBID-BIDC),"675,686.24 UA",Multinational,26 Feb 2013,Completion,Fund for African Private Sector Assistance,Finance,Sovereign
P-MU-H00-004,Mauritius - Stock Exchange Mauritius (SEM) Project,"430,000.00 UA",Mauritius,27 Apr 2020,Implementation,Middle Income Countries Fund,Finance,Sovereign
P-ZA-HA0-002,South Africa - Line of Credit to Nedbank Limited,"UA 72,315,469.00",South Africa,11 Sep 2008,Implementation,African Development Bank,Finance,Non Sovereign
P-MA-HZ0-003,Morocco - The Financial Sector Development Support Programme,"UA≈134,245,985.05",Morocco,09 Dec 2009,Completion,African Development Bank,Finance,Sovereign
P-Z1-HB0-064,Multinational – Project for Digitisation of Government Payments in the Mano River Union (DIGIGOV_MRU) countries – Guinea,"UA≈1,258,000.00",Multinational,25 Nov 2019,Implementation,Fragile States Facility,Finance,Sovereign
G-Z2-H00-ZZZ-003,Report on the observance of Standards & Codes,"UA≈50,354.92",Multinational,21 May 2010,Completion,Global Affairs Canada ,Finance,Sovereign
P-TN-HA0-002,3ème Ligne de Crédit à la Banque de développement économique de Tunisie (BDET),"UA≈10,000,000.00",Tunisia,16 Mar 1982,Completion,African Development Bank,Finance,Sovereign
P-UG-HAA-001,Small & Medium Scale Entreprises Development (LOC to Uganda Development Bank),"16,155,010.03 UA",Uganda,21 Nov 1990,Completion,African Development Bank,Finance,
P-Z1-H00-042,Multinational - West African Development Bank (BOAD) - Line of Credit III,"UA 33,582,966.72 (est.)",Multinational,23 Mar 2016,Implementation,African Development Bank,Finance,Non Sovereign
P-UG-HAA-007,Uganda - Uganda Development Bank Limited,"UA 10,874,687.35 (est.)",Uganda,20 Jul 2018,Implementation,African Development Bank,Finance,
P-KE-HAB-026,Kenya - Credit Bank PLC (CBP),"UA 5,666,565.14",Kenya,17 Jul 2019,Approved,African Development Bank,Finance,Non Sovereign
P-SL-HA0-004,Central Bank of Sierra Leone Capacity Building Component of The Financial Sector Development Plan,"807,018.00 UA",Sierra Leone,30 Nov 2011,Completion,Fragile States Facility,Finance,Sovereign
P-KE-HAB-025,Kenya - Commercial Bank of Africa Limited,"UA≈55,997,447.49",Kenya,25 Jan 2017,Completion,African Development Bank,Finance,Non Sovereign
P-Z1-HAB-045,Multinational - Ecobank Transnational Incorporated,"UA 224,743,538.62",Multinational,21 Sep 2016,Completion,African Development Bank,Finance,Non Sovereign
P-SC-HAA-001,Line of Credit II to D.B.S,"UA 3,999,846.18",Seychelles,29 Oct 1991,Completion,African Development Bank,Finance,
P-TG-H00-003,Togo - Projet d'appui à l'inclusion financière des femme vulnérables au Togo,"1,152,173.00 UA",Togo,22 Aug 2016,Implementation,Fragile States Facility,Finance,Sovereign
P-TN-HA0-001,1ere Ligne de Crédit à la Banque de développement économique de Tunisie (BDET),"UA≈3,000,000.00",Tunisia,16 Jul 1976,Completion,African Development Bank,Finance,Sovereign
P-GH-H00-001,Ghana - Rural Financial Services Project,"UA 3,470,511.96",Ghana,11 Oct 2000,Completion,African Development Fund,Finance,Sovereign
P-LR-H00-001,Liberia - Technical Assistance for Access Bank,"UA 651,856.49",Liberia,05 Nov 2008,Completion,Fund for African Private Sector Assistance,Finance,Sovereign
P-ET-HB0-002,Ethiopia - Capacity building for financial inclusion in Ethiopia (M-BIRR Mobile Money),"UA≈226,919.54",Ethiopia,26 Jan 2015,Completion,Fund for African Private Sector Assistance,Finance,Sovereign
P-EG-H00-002,Egypt - Modernization of the Egyptian Central Bank Clearing and Settlement Depository System for Government Securities Project,"UA 891,595.00",Egypt,10 Jul 2015,Completion,Middle Income Countries Fund,Finance,Sovereign
P-NG-H00-001,Nidb Line of Credit,"UA≈69,644,669.08",Nigeria,23 Mar 1989,Completion,African Development Bank,Finance,
P-CI-HA0-001,"Côte D'Ivoire - Equity Participation in ""MicroCred Côte d’Ivoire""","UA≈737,001.14",Cote d'Ivoire,16 Apr 2010,Completion,Fund for African Private Sector Assistance,Finance,Sovereign
,,nan UA,,,,,,
P-RW-HA0-002,Ligne de crédit à la Banque Rwandaise de Développement,"UA 5,628,545.87 (est.)",Rwanda,12 Jun 1989,Completion,African Development Bank,Finance,Sovereign
P-ZA-HAA-008,South Africa - Fourth Line of Credit to DBSA - Development Bank of Southern Africa,"UA 73,700,114.24 (est.)",South Africa,21 Jul 2006,Implementation,African Development Bank,Finance,Non Sovereign
P-AO-HAB-003,"Angola - Line of Credit to ""Banco Poupanca e Credito (BPC) SA""","UA≈84,998,477.11",Angola,21 Oct 2015,Implementation,African Development Bank,Finance,
P-MZ-HAB-004,"Mozambique - Line of Credit to ""Banco Comercial E De Investimentos S.A. (BCI)""","21,952,129.72 UA",Mozambique,15 Jul 2019,Approved,African Development Bank,Finance,Non Sovereign
P-Z1-HB0-038,Multinational - Microfinance Training Course for Policy and Development,"UA 172,555.41",Multinational,03 Oct 2014,Completion,Fund for African Private Sector Assistance,Finance,Sovereign
P-MR-HAB-292,Nigeria - Domestic Debt Markets Development,"UA 2,425,410.67 (est.)",Nigeria,09 Mar 2017,Completion,Nigerian Trust Fund,Finance,Non Sovereign
African Development Bank Group,,nan UA,,,,,,IATI Data Portal
P-TN-HAA-038,Tunisia - BFPME: Boosting Private Sector Development Through Small and Medium Enterprise Creation and Expansion,"UA≈566,716.73",Tunisia,05 Aug 2013,Implementation,Fund for African Private Sector Assistance,Finance,Sovereign
P-TN-HAA-005,5ème Ligne de Crédit à la Banque de développement économique de Tunisie (BDET),"UA 30,000,000.00 (est.)",Tunisia,29 Aug 1990,Completion,African Development Bank,Finance,Sovereign
P-SL-HA0-001,Line of Credit to Ndb I,"UA 1,000,000.00",Sierra Leone,22 Nov 1974,Completion,African Development Bank,Finance,
P-MR-HAZ-001,Programme d'ajustement Structurel,"UA 13,815,780.00 (est.)",Mauritania,27 May 1988,Completion,African Development Fund,Finance,Sovereign
P-TN-HA0-754,Angola - Insurance Market Development,"UA 85,409.14",Angola,14 Jan 2012,Approved,African Development Fund,Finance,Sovereign
P-GH-HA0-006,Line of Credit to Cal Merchant Bank,"UA≈3,259,282.44",Ghana,10 Jul 2002,Completion,African Development Bank,Finance,Non Sovereign
P-MZ-HAA-001,Line of Credit to Support Small and Medium Enterprises,"UA 3,487,972.90",Mozambique,16 Jan 2002,Completion,African Development Fund,Finance,
P-Z1-HAA-050,Multinational - Eastern and Southern African Trade and Development Bank (PTA Bank),"35,416,032.13 UA",Multinational,02 Oct 2013,Implementation,African Development Bank,Finance,Non Sovereign
P-RW-HAB-006,"Rwanda - ""Compagnie Générale de Banque PLC"" (COGEBANQUE)","UA 10,244,327.20",Rwanda,17 Jul 2019,Approved,African Development Bank,Finance,Non Sovereign
P-MA-HZ0-009,Maroc- Projet d’appui à la modernisation du cadre organisationnel de gestion de la dette (P-MOCOGEDE),"536,976.00 UA",Morocco,27 Feb 2013,Implementation,Middle Income Countries Fund,Finance,Sovereign
,,UA nan,,,,,,
P-Z1-HAA-008,Multinational - Project to reform system and means of payment in UEMOA countries,"UA≈5,431,688.40",Multinational,02 Oct 2002,Completion,African Development Fund,Finance,Sovereign
P-TG-HA0-003,Togo - Line of Credit to Ecobank Transnational Incorporated (ETI),"UA≈6,518,564.87",Togo,02 Apr 2003,Completion,African Development Bank,Finance,Non Sovereign
P-NG-HAB-038,Nigeria – Line of Credit to FSDH Merchant Bank Limited,"UA 36,248,957.84 (est.)",Nigeria,27 Jun 2016,Completion,African Development Bank,Finance,Non Sovereign
P-UG-HA0-522,Botswana - Banking Sector Reform Support,"UA 111,402.50 (est.)",Botswana,21 Jan 2006,Approved,Middle Income Countries Fund,Finance,Non Sovereign
P-LS-HB0-001,Lesotho - Second Line of Credit to Lesotho National Development Corporation (LNDC),"3,159,504.30 UA",Lesotho,15 Dec 1994,Completion,Nigerian Trust Fund,Finance,Sovereign
P-Z1-HAA-769,Djibouti - Capital Markets Strengthening,"UA 45,469,271.94 (est.)",Djibouti,18 Aug 2012,Approved,Fund for African Private Sector Assistance,Finance,Sovereign
P-Z1-HZ0-004,Multinational - Feasibility Study of the Project for the Establishment of the Fund for the Development and Financing of the Transport and Energy Sectors of the Economic Community of West African States (FODETE-ECOWAS),"UA≈652,415.02",Multinational,30 Jul 2010,Completion,NEPAD Infrastructure Project Preparation Facility,Finance,Sovereign
P-Z1-HZ0-038,Multinational - East African Community Payment and Settlement Systems Integration Project (EAC-PSSIP) - South Sudan,"UA 4,800,000.00 (est.)",Multinational,17 Jul 2019,Implementation,African Development Fund,Finance,Sovereign
P-TN-HAA-025,Tunisia - Line of Credit to “Banque de l’Habitat”,"UA≈21,221,488.99",Tunisia,27 Feb 2002,Implementation,African Development Bank,Finance,
P-MR-HZ0-004,Mauritania - Financial Infrastructure Modernization Support Project (PAMIF),"3,600,000.00 UA",Mauritania,15 Dec 2017,Implementation,African Development Fund,Finance,Sovereign
P-TN-HAA-008,2ème Ligne de Crédit à la Société Tuniso-Saoudienne d'Investissement et de Développement (STUSID),"UA 19,845,430.59",Tunisia,17 Jun 1991,Completion,African Development Bank,Finance,Sovereign
P-TN-HAA-019,3ème Ligne de Crédit à la Banque tuniso-qatarie d'investissement (BTQI),"UA≈12,402,757.98",Tunisia,27 Apr 1994,Completion,African Development Bank,Finance,Sovereign
P-NG-HAB-009,Nigeria - Guaranty Trust Bank Plc,"UA 62,245,399.03",Nigeria,23 Jun 2010,Completion,African Development Bank,Finance,Non Sovereign
P-MA-HA0-001,Fourth Financial Sector Support Programme (PASFI IV),"UA≈109,219,734.22",Morocco,12 Dec 2002,Completion,African Development Bank,Finance,Sovereign
P-TN-HAA-022,Tunisia - Sixth Line of Credit to Banque Nationale de Développement Touristique (BNDT),"UA 217,561,512.28 (est.)",Tunisia,19 Nov 1997,Completion,African Development Bank,Finance,
P-Z1-HAA-094,Multinational - COMESA Regional Trade and Project Finance Support Facility - Eastern and Southern African Trade and Development Bank (TDB),"UA≈36,586,882.87",Multinational,17 Jul 2019,Approved,African Development Bank,Finance,Non Sovereign
P-ZR-HA0-001,Ligne de Crédit (II),"UA 9,823,662.62 (est.)",Ex Zaire,24 Aug 1981,Completion,African Development Bank,Finance,Sovereign
P-GH-HAB-002,Ghana - UT Bank Limited Trade Finance Line of Credit,"14,374,115.09 UA",Ghana,22 May 2013,Completion,African Development Bank,Finance,Non Sovereign
P-Z1-HZ0-016,Multinational - Regional African Trade Insurance - Country Membership Programme,"UA 4,970,000.00",Multinational,23 Sep 2015,Completion,African Development Fund,Finance,Sovereign
P-Z1-HAA-084,Multinational - Eastern and Southern Africa Development Bank - Line of Credit (LoC) V,"UA≈127,497,715.67",Multinational,07 Dec 2016,Implementation,African Development Bank,Finance,Non Sovereign
P-NE-HAB-001,Niger - Société Nigérienne de Banque (Sonibank),"10,912,815.00 UA",Niger,16 Jan 2013,Implementation,African Development Bank,Finance,Non Sovereign
P-BF-HA0-001,Burkina Faso – Coris Bank International - Line of Credit,"UA≈31,903,818.38",Burkina Faso,23 Nov 2016,Implementation,African Development Bank,Finance,Non Sovereign
P-ZA-HA0-003,South Africa - Line of Credit to the Industrial Development Corporation of South Africa,"141,664,128.52 UA",South Africa,19 May 2010,Implementation,African Development Bank,Finance,Non Sovereign
P-TN-HAA-007,2ème Ligne de Crédit à la Banque de Tunisie et des Emirats d'Investissements (BTEI),"UA 24,902,158.08 (est.)",Tunisia,17 Jun 1991,Completion,African Development Bank,Finance,Sovereign
P-KE-HB0-009,Kenya - Kenya Mortgage Refinance Company (KMRC),"UA≈75,461,573.29",Kenya,15 May 2019,Implementation,African Development Bank,Finance,Sovereign
P-KE-HAB-022,Kenya - Diamond Trust Bank Kenya Limited,"UA≈53,124,048.19",Kenya,18 Nov 2016,Implementation,African Development Bank,Finance,Non Sovereign
P-Z1-HZ0-037,Multinational - Small- and Medium-sized Enterprise (SME) Business Linkages on East Africa Crude Oil Pipeline Project,"UA 1,086,959.78",Multinational,11 Feb 2020,Implementation,Fund for African Private Sector Assistance,Finance,Sovereign
P-CD-HAB-005,Democratic Republic of the Congo - Rawbank,"21,632,728.47 UA","Congo, the Democratic Republic of the",07 Mar 2018,Completion,African Development Bank,Finance,Non Sovereign
P-NG-HAB-017,Nigeria - Zenith Bank PLC,"UA 88,540,080.32 (est.)",Nigeria,26 Mar 2014,Implementation,African Development Bank,Finance,Non Sovereign
P-TD-HA0-002,Appui Institutionnel à la Banque de développement du Tchad (BDT),"UA≈1,590,045.94",Chad,23 Feb 1989,Completion,African Development Fund,Finance,Sovereign
405054,African Tax Administration Forum (ATAF) for Analytical Work & consolidation Meeting 2009-2011,"91,228.35 UA",Multinational,09 Oct 2009,Completion,Global Affairs Canada ,Finance,Sovereign
P-NG-HAB-013,Nigeria - Line of Credit to Zenith Bank Plc under the Emergency Liquidity Facility,"UA 36,245,279.05 (est.)",Nigeria,22 Jul 2009,Completion,African Development Bank,Finance,Non Sovereign
P-KE-HAB-604,Botswana - Capital Markets Strengthening,"UA≈65,316,622.66",Botswana,23 Feb 2005,Implementation,Global Affairs Canada ,Finance,Non Sovereign
P-Z1-HAA-091,Multinational - Capacity Building Support Project of the Maghreb Bank for Investment and Foreign Trade (BMICE),"356,000.00 UA",Multinational,12 Dec 2018,Implementation,Middle Income Countries Fund,Finance,Sovereign
P-ZA-HAA-002,South Africa - Second Line of Credit to the Development Bank of Southern Africa Limited (DBSA),"30,578,234.41 UA",South Africa,10 Nov 1999,Completion,African Development Bank,Finance,
P-TN-HAB-015,Tunisia - Amen Bank,"UA 29,385,095.88",Tunisia,29 May 2019,Approved,African Development Bank,Finance,Non Sovereign
P-NG-HA0-005,Nigeria - Fidelity Bank Plc,"UA≈53,124,048.19",Nigeria,17 Jul 2013,Implementation,African Development Bank,Finance,Non Sovereign
P-TN-HZ0-001,Programme d'ajustement  dans le Secteur Industriel,"UA≈80,000,000.00",Tunisia,18 Aug 1987,Completion,African Development Bank,Finance,Sovereign
P-Z1-HAA-092,Multinational - COMESA Regional Trade and Project Finance Support Facility - Eastern and Southern African Trade and Development Bank (TDB),"36,586,882.87 UA",Multinational,17 Jul 2019,Approved,African Development Bank,Finance,Non Sovereign
P-NG-HAB-042,Nigeria - Fidelity Bank PLC,"36,248,957.84 UA",Nigeria,10 Oct 2018,Implementation,African Development Bank,Finance,Non Sovereign
P-NG-HB0-005,Nigeria - LAPO Microfinance Bank Ltd.,"UA≈5,630,662.82",Nigeria,01 Oct 2014,Completion,African Development Bank,Finance,Non Sovereign
P-KE-HAA-002,Lign of credit to Kenya Industrial Estates (K.I.E),"UA≈4,523,529.09",Kenya,22 Dec 1986,Completion,African Development Fund,Finance,
P-NA-HAA-003,Third Line of Credit to Agribank,"UA 8,108,649.54",Namibia,29 Sep 2004,Completion,African Development Bank,Finance,
P-Z1-HAA-085,Multinational - African Export-Import Bank (Afreximbank) Trade Finance Package - Line of Credit,"212,496,192.78 UA",Multinational,29 Mar 2017,Implementation,African Development Bank,Finance,Non Sovereign
P-NG-HAB-035,Nigeria - Wema Bank Plc,"UA 10,624,809.64",Nigeria,09 Mar 2016,Implementation,African Development Bank,Finance,Non Sovereign
P-NG-HA0-012,Nigeria - United Bank For Africa PLC.,"UA≈106,248,096.39",Nigeria,08 Jun 2016,Implementation,African Development Bank,Finance,Non Sovereign
P-MA-HAA-005,"Fifth Line of Credit to the ""Banque Nationale pour le Développement Economique""","UA≈49,996,958.10",Morocco,24 Sep 1986,Completion,African Development Bank,Finance,
P-TZ-HAB-009,Tanzania - CRDB Bank Limited,"UA 63,748,857.83 (est.)","Tanzania, United Republic of",18 May 2016,Implementation,African Development Bank,Finance,Non Sovereign
P-EG-H00-005,Egypt - Line of Credit to «Corporate Leasing Company (Corplease) »,"UA 10,976,064.86 (est.)",Egypt,29 Jan 2020,Approved,African Development Bank,Finance,Non Sovereign
P-Z1-HB0-071,SIERRA LEONE - Government Payments Digitization in Mano River Union,"279,000.00 UA",Multinational,25 Nov 2019,Approved,Fragile States Facility,Finance,Sovereign
P-MA-HZ0-006,"Morocco - Financial Sector Development Support Programme - Phase II
","UA 185,624,078.09 (est.)",Morocco,23 Nov 2011,Completion,African Development Bank,Finance,Sovereign
,,UA≈nan,,,,,,
P-MW-HA0-002,Malawi - Investment and Development Bank (INDEBANK) First Line of Credit,"UA≈1,346,291.02",Malawi,12 Dec 1996,Completion,African Development Fund,Finance,Sovereign
P-MZ-HA0-147,Ex Zaire - Capital Markets Strengthening,"UA≈171,630.33",Ex Zaire,16 Sep 2021,Completion,Global Affairs Canada ,Finance,Non Sovereign
P-MG-H00-002,Madagascar - Industrialisation and Financial Sector Support Project (PAISF),"UA≈12,080,000.00",Madagascar,28 Oct 2020,Approved,African Development Fund,Finance,Sovereign
P-TN-HAB-013,Tunisia - BH Bank (formerly known as Banque de l’Habitat),"UA 84,148,876.19",Tunisia,26 Jun 2019,Approved,African Development Bank,Finance,Sovereign
P-SZ-HAA-001,Swaziland - Swaziland Development Finance Corporation (FINCORP) -Second LoC is under the Africa SME Program,"UA≈9,701,939.54",Eswatini,12 May 2017,Implementation,African Development Bank,Finance,
P-TN-HAA-011,1ère ligne de crédit à la Banque de Tunisie et des Emirats d'investissements (BTEI),"8,000,000.00 UA",Tunisia,21 Mar 1988,Completion,African Development Bank,Finance,Sovereign
P-Z1-HAA-054,Regional - The Company for Habitat and Housing in Africa / Shelter Afrique,"14,499,583.14 UA",Multinational,11 Dec 2013,Implementation,African Development Bank,Finance,Non Sovereign
P-Z1-HZ0-001,"Multinational - West African Monetary Zone Payment System Development Project (The Gambia, Guinea and Sierra Leone)","UA≈14,000,000.00",Multinational,09 Jul 2008,Completion,African Development Fund,Finance,Sovereign
P-Z1-HAA-017,"Multinational - Line of Credit to the Company for Habitat and Housing in Africa (""Shelter-Afrique"")","UA 21,749,374.71 (est.)",Multinational,18 Feb 2009,Implementation,African Development Bank,Finance,Non Sovereign
P-Z1-HAB-073,Regional - Attijariwafa Bank - Partnership for Trade Development in Africa,"79,781,717.22 UA",Multinational,17 Jul 2019,Approved,African Development Bank,Finance,Non Sovereign
P-TN-HAA-028,Tunisia - Second Line of Credit to “Banque de l’Habitat”,"66,511,473.23 UA",Tunisia,21 Jul 2003,Implementation,African Development Bank,Finance,
P-CM-HA0-001,Ligne de Crédit à la Banque Camerounaise de Développement (BCD),"UA 1,801,413.74",Cameroon,23 Jan 1979,Cancelled,African Development Bank,Finance,Sovereign
,,UA nan (est.),,,,,,
P-Z1-HAA-977,Namibia - Capital Markets Strengthening,"UA≈275,992,810.34",Namibia,02 Feb 2022,Implementation,Nigerian Trust Fund,Finance,Non Sovereign
P-LR-HB0-068,Togo - Trade Finance Facility,"UA 163,890,440.70",Togo,21 Sep 2017,Completion,African Development Bank,Finance,Non Sovereign
P-MR-HZ0-001,Projet de réhabilitation des entreprises publiques,"UA 13,815,780.00 (est.)",Mauritania,28 Aug 1991,Completion,African Development Fund,Finance,Sovereign
P-EG-HAB-010,Sme Support Project - Second Line of Credit to National Bank of Egypt (2nd LOC Nbe),"146,162,503.47 UA",Egypt,12 Oct 2005,Completion,African Development Bank,Finance,Sovereign
P-SD-HAA-001,Line of Credit to Ibs,"UA≈10,031,279.07",Sudan,28 Oct 1986,Completion,African Development Fund,Finance,
P-UG-HB0-001,FAPA  Grant to Enterprise Financial Centers ,"695,858.16 UA",Uganda,05 Jun 2012,Completion,Fund for African Private Sector Assistance,Finance,Non Sovereign
P-ZM-HAZ-002,Zambia - Line of Credit to Investrust Bank Plc,"UA 2,360,749.50 (est.)",Zambia,24 Sep 2008,Completion,African Development Bank,Finance,Non Sovereign
P-MA-HZ0-011,Morocco - Financial Sector Development Support Programme – Phase III (PADESFI III),"UA≈82,867,892.01",Morocco,01 Oct 2014,Completion,African Development Bank,Finance,Sovereign
P-Z1-HAA-032,Multinational - West African Development Bank (WADB),"UA 53,732,746.75 (est.)",Multinational,23 Feb 2011,Implementation,African Development Bank,Finance,Non Sovereign
P-Z1-H00-063,Multinational - Domestic debt markets development in the West African Monetary Zone,"1,500,000.00 UA",Multinational,13 Oct 2020,Implementation,Fragile States Facility,Finance,Sovereign
P-EG-HAB-002,Egypt - Line of Credit  to the Suez Canal Bank of Egypt,"UA 45,629,954.11",Egypt,18 Oct 2001,Completion,African Development Bank,Finance,Non Sovereign
P-TN-HAA-188,Morocco - Capital Markets Strengthening,"UA 3,012,692.11",Morocco,12 Aug 2024,Approved,NEPAD Infrastructure Project Preparation Facility,Finance,Sovereign
P-NG-HAA-003,Nigeria - Export-oriented SME Financing Program,"UA≈35,416,032.13",Nigeria,26 May 2011,Implementation,African Development Bank,Finance,
P-NG-HAB-002,Line of Credit to Fedelity Bank (Former Fsb),"UA 11,733,416.77",Nigeria,18 Oct 2001,Completion,African Development Bank,Finance,Non Sovereign
P-Z1-HZ0-002,"Multinational - West African Monetary Zone Payments System Development Project (The Gambia, Guinea, Sierra Leone and Liberia)","UA≈5,000,000.00",Multinational,09 Nov 2010,Completion,African Development Fund,Finance,Sovereign
P-TZ-HB0-001,Tanzania - FAPA  Grant to Enterprise Financial Centers,"668,786.99 UA","Tanzania, United Republic of",05 Jun 2012,Completion,Fund for African Private Sector Assistance,Finance,Sovereign
P-KE-HA0-001,Line of Credit II,"UA≈4,990,309.86",Kenya,21 Mar 1979,Completion,African Development Bank,Finance,
P-TN-HAB-003,"Tunisia - ""Banque de l’Habitat""","UA 50,374,450.08 (est.)",Tunisia,19 Oct 2016,Implementation,African Development Bank,Finance,Non Sovereign
P-MA-HAA-006,Ligne de Crédit au Crédit Immobilier et hôtelier (CIH),"UA 5,026,499.32",Morocco,29 Oct 1991,Completion,African Development Bank,Finance,Sovereign
P-TN-HAA-037,Tunisia - Line of Credit in Support of Small and Medium-Sized Enterprises,"UA 36,248,957.84 (est.)",Tunisia,13 Jul 2011,Completion,African Development Bank,Finance,
P-TN-HAA-010,4ème Ligne de Crédit à la Banque nationale de développement touristique (BNDT),"UA 119,999,773.09",Tunisia,27 Jan 1992,Completion,African Development Bank,Finance,Sovereign
P-Z1-HB0-056,Multinational- COMESA Microfinance regulation and supervision action plan development,"215,705.97 UA",Multinational,16 Feb 2016,Completion,Fund for African Private Sector Assistance,Finance,Sovereign
P-Z1-H00-057,Multinational - WAEMU Regional Mortgage Refinancing Company (CRRH),"UA≈7,978,171.72",Multinational,18 Mar 2020,Approved,African Development Bank,Finance,Non Sovereign
P-MA-HA0-003,Ligne de Crédit à la Banque Commerciale du Maroc (BCM),"UA≈13,352,594.92",Morocco,29 Oct 1991,Completion,African Development Bank,Finance,Sovereign
P-MA-HAZ-002,Morocco - Financial Stability and Inclusion Strengthening Support Programme,"UA≈111,539,745.80",Morocco,13 Jul 2016,Completion,African Development Bank,Finance,Sovereign
P-ML-HA0-002,Projet d'assistance technique à la Banque de développement du Mali (BDM),"UA 964,341.44 (est.)",Mali,21 Nov 1989,Completion,African Development Fund,Finance,Sovereign
P-EG-HAA-001,Ligne de Crédit II,"UA≈9,877,125.90",Egypt,25 Apr 1980,Completion,African Development Bank,Finance,
P-NG-HAB-016,Nigeria - Stanbic IBTC Bank PLC,"UA 885,400.80 (est.)",Nigeria,26 Mar 2014,Implementation,African Development Bank,Finance,Non Sovereign
P-TN-HAA-017,3ème ligne de crédit à la  Banque tuniso-koweïtienne (BTK),"UA 11,561,466.63",Tunisia,27 Apr 1994,Completion,African Development Bank,Finance,Sovereign
P-RW-HAA-002,Rwanda - Third Line of Credit to the Rwandan Development Bank,"UA 5,994,692.33",Rwanda,16 Nov 2000,Implementation,African Development Fund,Finance,
P-ML-HA0-003,Mali - Banque Malienne de Solidarité,"4,617,657.92 UA",Mali,06 Jul 2011,Implementation,African Development Bank,Finance,Non Sovereign
404791,African Financing Partnership (AFP),"UA 122,899.01 (est.)",Multinational,17 Feb 2009,Implementation,Global Affairs Canada ,Finance,Sovereign
P-CI-H00-002,Côte d'Ivoire - Projet d'incubateur pour jeunes entrepreneurs (PRODIJE),"UA 682,604.00 (est.)",Cote d'Ivoire,16 Dec 2014,Completion,Fund for African Private Sector Assistance,Finance,Sovereign
P-NG-H00-011,Nigeria - Infrastructure Credit Guarantee Company Limited (INFRACREDIT),"UA 10,717,644.69",Nigeria,05 Apr 2019,Approved,African Development Bank,Finance,Non Sovereign
P-ZA-HA0-722,Cameroon - SME Credit Line,"UA≈74,679.81",Cameroon,10 Feb 2010,Completion,Fragile States Facility,Finance,Sovereign
P-NG-HAB-037,Nigeria - First Bank of Nigeria Limited,"UA 141,664,128.52",Nigeria,27 Jun 2016,Implementation,African Development Bank,Finance,Non Sovereign
P-CD-HA0-001,Advans Banque (Congo),"UA 610,389.61 (est.)","Congo, the Democratic Republic of the",04 Feb 2008,Completion,Fund for African Private Sector Assistance,Finance,Sovereign
P-SD-HAA-002,Institutional Support to the industrial Bank of Sudan,"UA 610,041.34 (est.)",Sudan,29 Jan 1991,Completion,African Development Fund,Finance,Sovereign
,,nan UA,,,,,,
P-TN-HAA-006,3ème Ligne de Crédit à la Banque nationale de développement touristique (BNDT),"60,000,000.00 UA",Tunisia,11 Jun 1990,Completion,African Development Bank,Finance,Sovereign
P-MU-HA0-002,Line of Credit III,"UA≈3,934,863.68",Mauritius,23 Feb 1988,Completion,African Development Bank,Finance,
P-Z1-HAB-434,Namibia - Insurance Market Development,"UA≈17,641,953.88",Namibia,01 Dec 2015,Implementation,African Development Bank,Finance,Sovereign
P-ML-HZ0-001,Mali - African Trade Insurance Agency (ATI): Country Membership Programme,"UA≈7,290,000.00",Mali,05 Dec 2019,Approved,African Development Fund,Finance,Sovereign
,,UA≈nan,,,,,,
P-MR-HAB-007,"Mauritania - ""Banque pour le Commerce et l’Industrie"" – Trade Finance Line of Credit","UA≈7,083,206.43",Mauritania,15 Jun 2016,Implementation,African Development Bank,Finance,Non Sovereign
P-TN-HAA-001,2ème Ligne de Crédit à la Banque de développement économique de Tunisie (BDET),"UA≈10,000,000.00",Tunisia,25 Apr 1980,Completion,African Development Bank,Finance,Sovereign
P-MG-HZ0-001,Madagascar - Africa Disaster Risks Financing Progamme (ADRIFI),"UA≈1,500,000.00",Madagascar,30 May 2019,Implementation,Fragile States Facility,Finance,Sovereign
P-MR-HAA-001,Ligne de Crédit à l'Union des Banques de développement (UBD),"UA 3,474,461.09",Mauritania,18 Mar 1986,Completion,African Development Fund,Finance,Sovereign
P-MA-HAA-002,Deuxième Ligne de Crédit à Banque Nationale pour le Développement économique,"UA≈2,851,738.40",Morocco,16 Jul 1976,Completion,African Development Bank,Finance,Sovereign
P-Z1-HAA-059,Multinational - East African Development Bank (EADB),"UA 21,249,619.28 (est.)",Multinational,15 Oct 2014,Completion,African Development Bank,Finance,Non Sovereign
P-EG-HAB-003,Line of Credit to Nbe,"UA≈103,180,159.93",Egypt,23 Oct 2002,Completion,African Development Bank,Finance,
P-NA-HAA-002,Second Line of Credit to Agribank,"UA≈4,865,201.48",Namibia,13 Sep 2001,Completion,African Development Bank,Finance,Sovereign
P-UG-H00-001,Line of Credit II,"19,974,035.59 UA",Uganda,22 Nov 1983,Completion,African Development Bank,Finance,
P-Z1-HAA-004,Line of Credit IV to Eadb,"18,064,058.19 UA",Multinational,26 Sep 1985,Completion,African Development Bank,Finance,
P-ZM-HAZ-001,Zambia - Partial Credit Guarantee Facility to Zambia National Commercial Bank Plc,"8,662,279.45 UA",Zambia,24 Sep 2008,Completion,African Development Bank,Finance,Non Sovereign
G-Z1-HZ0-ZZZ-002,Strenghtening debt management capacity initiative,"UA 49,735.11",Multinational,15 Dec 2011,Completion,Global Affairs Canada ,Finance,Sovereign
P-TN-HA0-004,Tunisia - Competitiveness Support Programme II (PAC II),"UA 151,123,350.24 (est.)",Tunisia,28 Nov 2001,Completion,African Development Bank,Finance,Sovereign
P-Z1-HAA-060,Multinational - Banque de Développement des Etats de l'Afrique Centrale (BDEAC) - FAPA  Grant,"UA≈646,985.37",Multinational,05 Feb 2010,Completion,Fund for African Private Sector Assistance,Finance,Sovereign
P-UG-HA0-002,Uganda - Housing Finance Bank Limited,"UA 8,389,401.73",Uganda,23 Nov 2011,Implementation,African Development Bank,Finance,Non Sovereign
P-SS-HZ0-001,South Sudan  - Regional Development Finance Institutions (African Trade Insurance Agency (ATI) and Eastern and Southern African Trade and Development Bank (TDB)) – Country Membership Programme ,"UA≈13,379,999.72",South Sudan,12 Apr 2017,Completion,African Development Fund,Finance,Sovereign
P-RW-HAA-004,Rwanda - Banque Rwandaise de Développement,"UA≈5,666,565.14",Rwanda,19 Nov 2010,Implementation,African Development Bank,Finance,Non Sovereign
P-Z1-HZ0-045,Uganda and Tanzania : MSMEs Business Linkage on East African Crude Oil Pipeline,"UA 363,451.33",Multinational,11 Feb 2020,Approved,Fund for African Private Sector Assistance,Finance,Sovereign
P-SN-HA0-002,Sénégal - Banque Nationale pour le Développement Economique (BNDE),"UA 11,967,257.58 (est.)",Senegal,24 Sep 2019,Approved,African Development Bank,Finance,Non Sovereign
P-Z1-HAA-093,Multinational - COMESA Regional Trade and Project Finance Support Facility - Eastern and Southern African Trade and Development Bank (TDB),"UA 146,347,531.48",Multinational,17 Jul 2019,Implementation,African Development Bank,Finance,Non Sovereign
P-UG-HAA-006,Uganda - Uganda Development Bank Limited,"3,541,603.21 UA",Uganda,20 Jul 2018,Implementation,African Development Bank,Finance,Non Sovereign
P-SC-HAA-003,Third Line of Credit to The Dbs,"731,716.46 UA",Seychelles,07 Jul 1999,Cancelled,African Development Bank,Finance,Sovereign
P-Z1-HAA-002,Fifth Lign of credit to East African Development  Bank,"UA≈15,032,246.44",Multinational,25 Aug 1994,Completion,African Development Bank,Finance,
P-DZ-HAB-001,Algeria - Line of credit in the industry sector,"UA≈39,422,205.42",Algeria,23 Aug 1988,Completion,African Development Bank,Finance,Sovereign
P-ZA-HAA-003,South Africa - Third Line of Credit to the Development Bank of Southern Africa Limited (DBSA),"UA 71,357,723.40",South Africa,16 Jul 2003,Completion,African Development Bank,Finance,
P-TN-HAA-013,Ligne de Crédit à la Banque tuniso-qatarie d'investissement (BTQI),"UA 7,000,000.00 (est.)",Tunisia,21 Mar 1988,Completion,African Development Bank,Finance,Sovereign
P-Z1-HAA-041,Multinational - Africa Finance Corporation,"UA 141,664,128.52",Multinational,15 Feb 2012,Implementation,African Development Bank,Finance,Non Sovereign
P-MR-HZ0-005,Mauritania - Financial Infrastructure Modernisation Support Project (PAMIF) - Additionnal Loan,"UA 400,000.00 (est.)",Mauritania,01 Apr 2020,Approved,African Development Fund,Finance,Sovereign
P-NA-HAA-001,Namibia - First Line of Credit to Agribank,"UA 3,892,161.19",Namibia,13 Dec 1999,Completion,African Development Bank,Finance,Sovereign
P-UG-HAA-002,Line of Credit I (P),"9,724,913.12 UA",Uganda,26 Mar 1980,Completion,African Development Bank,Finance,
P-Z1-HB0-072,GOVERNMENT PAYMENTS (P2G & G2P) DIGITIZATION IN MANO RIVER UNION - LIBERIA,"UA≈463,000.00",Multinational,25 Nov 2019,Approved,Fragile States Facility,Finance,Sovereign
P-TN-HAA-024,Tunisia - Fourth Line of Credit to Tuniso-Kuwaiti Development Bank (BTKD),"UA 17,160,556.27",Tunisia,13 Dec 2000,Completion,African Development Bank,Finance,
P-NG-HAA-004,Nigeria - Development Bank of Nigeria Plc Project,"UA 315,972,452.96 (est.)",Nigeria,15 Dec 2014,Implementation,African Development Bank,Finance,
P-MU-HAB-001,Mauritius - Maubank Holdings Limited,"UA≈70,832,064.26",Mauritius,11 Dec 2017,Implementation,African Development Bank,Finance,
,,nan UA,,,,,,
P-ZA-HAA-009,Multinational - Fifth Line of Credit to the Development Bank of Southern Africa Limited,"UA 211,429,900.42 (est.)",South Africa,03 Feb 2011,Implementation,African Development Bank,Finance,Non Sovereign
P-RW-HAB-001,Rwanda - Bank of Kigali,"8,499,847.71 UA",Rwanda,19 Nov 2010,Implementation,African Development Bank,Finance,Non Sovereign
,,UA≈nan,,,,,,
P-SD-HAZ-001,L O C. to Agr. Bank O Soudan(ADF),"UA≈7,288,295.95",Sudan,30 Oct 1981,Completion,African Development Fund,Finance,Sovereign
P-TN-HZ0-088,Cameroon - Banking Sector Reform Support,"UA≈69,250,467.99",Cameroon,22 Jan 2022,Implementation,Middle Income Countries Fund,Finance,Sovereign
P-TN-HAA-027,Tunisia - Fourth Line of Credit to Investment Bank of Tunisia and the Emirates (BTEI),"UA 31,575,212.49 (est.)",Tunisia,20 Dec 2002,Completion,African Development Bank,Finance,
P-MA-H00-001,Institutional Saving Developmt Programme,"UA 129,175,490.84",Morocco,19 Nov 1997,Completion,African Development Bank,Finance,Sovereign
P-NG-HAB-014,Nigeria - Line of Credit to the United Bank for Africa Plc under the Emergency Liquidity Facility,"32,592,824.36 UA",Nigeria,22 Jul 2009,Completion,African Development Bank,Finance,Non Sovereign
P-MA-HAA-003,Bnde III (Ligne de Credit),"5,000,000.00 UA",Morocco,21 Nov 1978,Completion,African Development Bank,Finance,Sovereign
P-TN-HAA-021,3ème ligne de crédit à la Banque de Tunisie et des Emirats d'investissements (BTEI),"UA 6,573,622.64 (est.)",Tunisia,27 Apr 1994,Completion,African Development Bank,Finance,Sovereign
P-NA-HB0-001,Namibia - Trustco Finance,"2,831,997.21 UA",Namibia,07 Dec 2011,Completion,African Development Bank,Finance,Non Sovereign
,,UA nan,,,,,,
P-Z1-HZ0-023,Ethiopia- African Trade Insurance- RMC Membership Porgramme,"UA≈4,970,000.00",Multinational,23 Sep 2015,Completion,African Development Fund,Finance,Sovereign
P-TN-HAA-016,Ligne de Crédit à la Société Tuniso-Saoudienne d'Investissement et de Développement (STUSID),"UA 9,997,882.94",Tunisia,21 Mar 1988,Completion,African Development Bank,Finance,Sovereign
P-UG-HA0-003,Uganda - Housing Finance Bank Limited,"3,541,603.21 UA",Uganda,23 Nov 2011,Implementation,African Development Bank,Finance,Non Sovereign
P-TN-HAA-894,Burkina Faso - Financial Inclusion Initiative,"UA 2,122,352.79 (est.)",Burkina Faso,02 Oct 2009,Implementation,Fund for African Private Sector Assistance,Finance,Non Sovereign
P-ZM-HAA-001,Zambia - Development Bank of Zambia,"UA≈26,626,516.13",Zambia,21 Sep 2016,Implementation,African Development Bank,Finance,
,,UA≈nan,,,,,,
P-SC-HA0-001,Line of Credit,"2,972,992.69 UA",Seychelles,17 Jun 1986,Completion,Nigerian Trust Fund,Finance,
P-DZ-HA0-003,Algeria - Project to Strengthen Support for the Supervision of the Implementation of Plans to Modernize Information Systems of Public Banks,"UA 750,000.00 (est.)",Algeria,17 Aug 2012,Completion,Middle Income Countries Fund,Finance,Sovereign
P-CD-HAB-857,Ex Zaire - Financial Sector Support Programme,"269,002,826.06 UA",Ex Zaire,26 Nov 2021,Implementation,Middle Income Countries Fund,Finance,Non Sovereign
P-MA-HAA-009,Ligne de Crédit à la Banque Centrale Populaire (BCP); à la Banque marocaine du commerce extérieur (BMCE); et à la Banque commerciale du maroc (BCM),"UA≈7,871,217.83",Morocco,29 Oct 1991,Completion,African Development Bank,Finance,Sovereign
P-MA-HZ0-007,Projet d’appui au renforcement de la supervision et du contrôle des marchés financiers (PARSCMF),"UA 480,350.00 (est.)",Morocco,13 Dec 2010,Completion,Middle Income Countries Fund,Finance,Sovereign
P-ZM-HAB-022,"Zambia - Line of credit to first national Bank subsidiary, First National Bank of Zambia Limited","UA 31,143,442.01 (est.)",Zambia,12 Dec 2012,Implementation,African Development Bank,Finance,Non Sovereign
P-NG-HA0-003,Nigeria - ABN Microfinance Bank Nigeria (ABN) - TA,"651,856.49 UA",Nigeria,01 Sep 2009,Completion,Fund for African Private Sector Assistance,Finance,Sovereign
P-MU-HAB-746,Angola - Microfinance Expansion Project,"UA 60,391,415.47",Angola,15 Jun 2007,Implementation,African Development Bank,Finance,Non Sovereign
P-SC-H00-002,Seychelles- Strengthening the Financial Market,"UA 503,416.00 (est.)",Seychelles,08 Jul 2015,Completion,Middle Income Countries Fund,Finance,Sovereign
P-EG-HZ0-001,Egypt - Financial Sector Reform Programme (FRSP-1),"UA 354,160,321.29",Egypt,26 Jul 2006,Completion,African Development Bank,Finance,Sovereign
P-ZM-HB0-006,Zambia - Zambia National Building Society,"UA 10,115,899.30 (est.)",Zambia,08 Nov 2017,Implementation,African Development Bank,Finance,
P-MR-HAB-001,Ligne de Crédit à la Générale de Banques de Mauritanie (GBM),"6,518,564.87 UA",Mauritania,12 Dec 2002,Completion,African Development Bank,Finance,Non Sovereign
P-SC-HAA-406,Nigeria - Domestic Debt Markets Development,"UA 19,247,503.11 (est.)",Nigeria,24 Sep 2011,Cancelled,Multi donor Trust Fund for Countries in Transition,Finance,Sovereign
P-MA-HAA-012,"Morocco - ""Fonds d’Equipement Communal (FEC)""","UA 79,781,717.22",Morocco,28 Nov 2019,Approved,African Development Bank,Finance,Non Sovereign
,,UA nan,,,,,,
P-Z1-HAB-010,Regional - Ecobank Transnational Incorporated Trade Finance Package ,"UA 64,687,655.65",Multinational,20 Feb 2013,Completion,African Development Bank,Finance,Non Sovereign
P-LS-HA0-002,Line of Credit,"UA 2,101,349.48",Lesotho,27 Nov 1979,Completion,Nigerian Trust Fund,Finance,Sovereign
P-Z1-H00-981,Guinea - Microfinance Expansion Project,"UA 123,149.30",Guinea,10 Jul 2013,Approved,Multi donor Trust Fund for Countries in Transition,Finance,Non Sovereign
P-EG-HAA-005,Dib Fourth Line of Credit,"UA 40,800,461.65 (est.)",Egypt,12 Dec 1984,Completion,African Development Bank,Finance,
P-Z1-HA0-001,Ligne de Crédit au Fonds CEDEAO,"UA 10,850,508.49 (est.)",Multinational,24 Feb 1988,Completion,African Development Bank,Finance,Sovereign
P-EG-HAB-962,Central African Republic - Domestic Debt Markets Development,"UA 519,430.90 (est.)",Central African Republic,15 Dec 2024,Approved,Nigerian Trust Fund,Finance,Non Sovereign
P-BF-HAA-001,Burkina Faso - Support Project for Establishing an Agribusiness Bank (PACBA),"UA 15,000,000.00 (est.)",Burkina Faso,14 Dec 2018,Implementation,African Development Fund,Finance,Sovereign
P-TN-HAA-018,3ème Ligne de Crédit à la Société Tuniso-Saoudienne d'Investissement et de Développement (STUSID),"UA 12,010,952.69",Tunisia,27 Apr 1994,Completion,African Development Bank,Finance,Sovereign
P-EG-HA0-001,Egypt - Nasser Social Bank Restructuring Project - Phase I,"UA≈396,571.00",Egypt,11 Oct 2016,Completion,Middle Income Countries Fund,Finance,Sovereign
P-BI-H00-026,Chad - Capital Markets Strengthening,"UA 436,634.42",Chad,18 Feb 2008,Approved,Nigerian Trust Fund,Finance,Non Sovereign
P-TN-HAB-005,"Tunisia - Hannibal Lease
(Africa SME Program)","6,716,593.34 UA",Tunisia,14 Jul 2017,Implementation,African Development Bank,Finance,Non Sovereign
P-GN-HAA-001,Guinea - Financial Sector Modernization Support Project (PAMSFI),"2,400,000.00 UA",Guinea,15 Mar 2017,Implementation,African Development Fund,Finance,Sovereign
P-NE-HA0-001,Ligne de Crédit I,"1,996,165.41 UA",Niger,19 Sep 1977,Completion,African Development Bank,Finance,Sovereign
P-Z1-HB0-096,Mauritius - Trade Finance Facility,"391,739.84 UA",Mauritius,03 Jul 2018,Approved,Nigerian Trust Fund,Finance,Non Sovereign
P-Z1-HAB-007,Regional - Ecobank Transnational Incorporated Trade Finance Package ,"UA 70,650,407.65",Multinational,20 Feb 2013,Completion,African Development Bank,Finance,Non Sovereign
,,UA nan,,,,,,
P-GH-HAB-001,Ghana - Line of Credit to CAL Bank Limited ,"UA 10,685,739.52 (est.)",Ghana,24 Jul 2008,Completion,African Development Bank,Finance,Non Sovereign
P-Z1-HB0-057,Multinational - African Local Currency Bond Fund (ALCB FUND),"UA≈5,682,902.18",Multinational,31 Jan 2018,Implementation,African Development Bank,Finance,Non Sovereign
P-NG-HAB-006,Nigeria - Second Line of Credit to Zenith Bank PLC,"UA 64,698,537.17 (est.)",Nigeria,13 Dec 2006,Completion,African Development Bank,Finance,Non Sovereign
P-ZA-HAA-006,South Africa - Non-Sovereign Guaranteed Line of Credit Agreement,"UA 10,636,968.45 (est.)",South Africa,05 Nov 2004,Implementation,African Development Bank,Finance,Non Sovereign
P-NA-HAA-004,Namibia - Development Bank of Namibia,"UA≈189,797,338.62",Namibia,09 Jul 2015,Implementation,African Development Bank,Finance,
G-Z1-H00-ZZZ-002,Payment & Settlement Development & Integration in the East African Community (EAC),"UA 53,290.70 (est.)",Multinational,04 Nov 2010,Completion,Global Affairs Canada ,Finance,Sovereign
P-Z1-HAA-012,Multinational - Third Line of Credit to the West African Development Bank (BOAD),"33,903,189.44 UA",Multinational,30 Jan 2008,Completion,African Development Bank,Finance,Non Sovereign
P-ZA-HA0-100,Mozambique - Green Finance Facility,"UA 2,276,688.61 (est.)",Mozambique,02 Jul 2014,Cancelled,NEPAD Infrastructure Project Preparation Facility,Finance,Sovereign
P-TN-HA0-003,Tunisia - Competitiveness Support Programme I (PAC I),"UA 91,804,208.39 (est.)",Tunisia,17 Mar 1999,Completion,African Development Bank,Finance,Sovereign
P-Z1-HB0-013,Multinational - West African Economic and Monetary Union (WAEMU) Regional Financial Market Support Project (PADMAFIR),"UA 696,235.36 (est.)",Multinational,16 Jan 2018,Implementation,Fund for African Private Sector Assistance,Finance,Sovereign
P-NG-HB0-006,Nigeria - Trade mispricing the hidden drainage of resources out of Nigeria (MIC/ TAF Grant),"189,810.95 UA",Nigeria,18 Nov 2014,Completion,Middle Income Countries Fund,Finance,Sovereign
P-Z1-HZ0-003,Multinational -  East African Community - Payment and Settlement Systems Integration Project,"15,000,000.00 UA",Multinational,05 Dec 2012,Implementation,African Development Fund,Finance,Sovereign
P-Z1-HA0-004,Multinational - African Export-Import Bank,"UA 106,472,083.02 (est.)",Multinational,19 Jul 2010,Implementation,African Development Bank,Finance,Non Sovereign
P-MZ-HAB-001,"Mozambique - Moza Banco S.A.
(under the Africa SME Program)","UA 12,789,307.33 (est.)",Mozambique,11 Apr 2014,Implementation,African Development Bank,Finance,Non Sovereign
P-Z1-HAA-028,Multinational - Shelter-Afrique,"619,263.66 UA",Multinational,27 Dec 2007,Completion,Fund for African Private Sector Assistance,Finance,Sovereign
P-MA-H00-002,Projet d’appui au renforcement du système national de garantie en faveur des PME et des populations cibles (PARSNG),"UA 464,988.00 (est.)",Morocco,19 Jan 2011,Completion,Middle Income Countries Fund,Finance,Sovereign
P-KE-HAB-013,Kenya - Kenya Commercial Bank Limited,"UA 70,832,064.26",Kenya,25 Oct 2017,Implementation,African Development Bank,Finance,Non Sovereign
P-GN-HA0-001,Guinea - Vista Bank - Africa SME Programme,"UA 5,853,901.26 (est.)",Guinea,24 Sep 2019,Approved,African Development Bank,Finance,Non Sovereign
,,nan UA,,,,,,
P-TN-HZ0-005,Tunisia - Financial Sector Modernisation Support Programme II - (PAMSFI II),"95,319,040.77 UA",Tunisia,15 May 2019,Approved,African Development Bank,Finance,Sovereign
P-DZ-HAA-001,Algeria - Second Line of Credit to Crédit Populaire d'Algérie (CPA),"87,461,145.21 UA",Algeria,10 Dec 1996,Completion,African Development Bank,Finance,Sovereign
P-MZ-HZ0-001,Financial Sector Technical Assistance Project (Fstap),"UA 6,800,000.00 (est.)",Mozambique,04 Oct 2005,Completion,African Development Fund,Finance,Sovereign
P-NG-HAB-019,Nigeria - Access Bank PLC,"UA≈70,832,064.26",Nigeria,15 May 2014,Implementation,African Development Bank,Finance,Non Sovereign
P-TZ-HA0-005,Access Bank of Tanzania Technical Assistance FAPA Grant,"430,225.28 UA","Tanzania, United Republic of",05 Aug 2009,Completion,Fund for African Private Sector Assistance,Finance,Sovereign
P-AO-HA0-001,Angola - Institutional Support to the B.N.A. - Grant,"UA 778,529.51 (est.)",Angola,17 Oct 1989,Completion,African Development Fund,Finance,Sovereign
P-BF-HB0-001,Burkina Faso- Private Sector Credit Enhancement Facility (PSF) - Recommended Financial Sector Participations,"1,998,321.41 UA",Burkina Faso,19 Jun 2014,Completion,African Development Bank,Finance,Non Sovereign
P-Z1-HB0-465,Sao Tome and Principe - Green Finance Facility,"81,302,558.68 UA",Sao Tome and Principe,25 Aug 2008,Completion,Multi donor Trust Fund for Countries in Transition,Finance,Non Sovereign
P-LR-HB0-001,Liberia - Technical Assistance to support Access Bank on financial inclusion,"327,432.43 UA",Liberia,26 Jan 2015,Completion,Fund for African Private Sector Assistance,Finance,Sovereign
P-MW-HA0-001,Malawi Development Corporation,"1,485,997.20 UA",Malawi,22 Nov 1972,Completion,African Development Bank,Finance,Sovereign
P-BI-H00-001,Ligne de Crédit,"3,975,264.91 UA",Burundi,21 Nov 1974,Completion,African Development Bank,Finance,Sovereign
P-Z1-H00-886,Seychelles - Digital Payments Infrastructure,"149,058,741.53 UA",Seychelles,10 Sep 2008,Cancelled,African Development Fund,Finance,Non Sovereign
P-MA-HAA-001,1ère Ligne de Crédit à la Banque Nationale pour le Développement économique,"UA≈3,912,222.92",Morocco,08 May 1974,Completion,African Development Bank,Finance,Sovereign
P-ML-HZ0-577,Namibia - SME Credit Line,"95,258.27 UA",Namibia,13 Oct 2009,Completion,Middle Income Countries Fund,Finance,Sovereign
P-ZA-HAA-014,South Africa - Industrial Development Corporation (IDC),"UA 127,376,170.38 (est.)",South Africa,27 Sep 2017,Implementation,African Development Bank,Finance,Non Sovereign
P-Z1-HAA-003,Line of Credit III to Eadb,"UA 9,817,538.14 (est.)",Multinational,16 Mar 1982,Completion,African Development Bank,Finance,
P-Z1-HAA-005,Multinational - PTA Bank First Line of Credit and Technical Assistance Support,"UA 21,347,994.00 (est.)",Multinational,17 Dec 2003,Completion,African Development Bank,Finance,
P-DZ-HA0-083,Angola - Domestic Debt Markets Development,"91,336.43 UA",Angola,11 Jul 2006,Implementation,Global Affairs Canada ,Finance,Sovereign
P-SS-HA0-001,South Sudan - Institutional Support Project to Public Finance Management and Aid Coordination (PFAID),"UA 4,800,000.00 (est.)",South Sudan,19 Dec 2012,Completion,Fragile States Facility,Finance,Sovereign
P-MZ-HA0-002,C. Facility for Small Enterprises Study,"163,552.73 UA",Mozambique,10 Jul 1993,Completion,African Development Fund,Finance,Sovereign
P-Z1-HAA-001,Multinational - Line of Credit to Pta Bank,"UA 14,865,448.95 (est.)",Multinational,23 Feb 1994,Completion,African Development Bank,Finance,
404171,Collaboration en matière de réforme budgétaire africaine (CABRI),"UA≈176,925.13",South Africa,03 Dec 2008,Completion,Global Affairs Canada ,Finance,Sovereign
P-ZM-HB0-115,Ethiopia - Microfinance Expansion Project,"UA 120,773,449.81",Ethiopia,28 Aug 2023,Completion,African Development Bank,Finance,Sovereign
P-KE-HAB-021,Kenya - Risk participation agreement to Imperial Bank Kenya in respect of Commerzbank,"UA≈594,072.68",Kenya,22 May 2013,Implementation,African Development Bank,Finance,Non Sovereign
P-TN-HB0-001,Tunisia - Line of Credit to Tunisie Leasing (TL),"UA 7,042,625.49 (est.)",Tunisia,23 Jul 2003,Completion,African Development Bank,Finance,Non Sovereign
P-BW-HA0-001,Ndb Line of Credit I,"1,158,536.73 UA",Botswana,21 Dec 1982,Completion,African Development Bank,Finance,
P-TN-HAA-015,2ème Ligne de Crédit à la Banque nationale de développement touristique (BNDT),"UA≈20,000,000.00",Tunisia,21 Mar 1988,Completion,African Development Bank,Finance,Sovereign
P-NG-HAB-007,Line of Credit to Access Bank Plc - Nigeria,"UA 25,075,046.03 (est.)",Nigeria,13 Dec 2006,Completion,African Development Bank,Finance,Non Sovereign
P-ZR-HA0-002,Ligne de Credit,"UA≈2,788,661.15",Ex Zaire,29 Dec 1981,Completion,African Development Fund,Finance,Sovereign
P-DZ-HB0-002,Algeria - Ministry of Finance Capacity Building Program,"UA 497,000.00",Algeria,15 Nov 2011,Completion,Middle Income Countries Fund,Finance,Sovereign
P-DJ-HAB-001,Ligne de Crédit I,"UA≈2,827,916.80",Djibouti,18 Aug 1987,Completion,African Development Fund,Finance,Sovereign
P-CM-HAB-001,"Cameroon - Growth-Oriented Women Enterprises Development Programme
(GOWE)","UA 345,483.94 (est.)",Cameroon,27 Dec 2007,Cancelled,Fund for African Private Sector Assistance,Finance,Sovereign
G-TN-H00-ZZZ-001,Appui aux PME pour l'accès au financement non bancaire,"370,954.40 UA",Tunisia,08 Dec 2017,Implementation,Multi donor Trust Fund for Countries in Transition,Finance,Sovereign
P-Z1-HAA-013,"Banque ouest africaine de développement (BOAD), assitance technique, FAPA","UA 621,219.23 (est.)",Multinational,04 Feb 2008,Completion,Fund for African Private Sector Assistance,Finance,Sovereign
P-CG-HA0-001,Ligne de Crédit à la Banque Nationale de Développement du Congo (BNDC),"3,499,965.20 UA",Congo,21 Mar 1979,Completion,African Development Bank,Finance,Sovereign
P-TN-HAA-014,2ème ligne de crédit à la  Banque tuniso-koweïtienne (BTK),"UA≈34,997,325.88",Tunisia,17 Jun 1991,Completion,African Development Bank,Finance,Sovereign
P-Z1-H00-072,Multinational - Projet d’Appui au Démarrage du Marché Financier Unifié d’Afrique Centrale (Projet AMFUAC),"783,328.00 UA",Multinational,21 Nov 2019,Approved,Middle Income Countries Fund,Finance,Sovereign
P-RW-HAB-003,Rwanda - Institutional Capacity Building Project,"UA 203,963.98 (est.)",Rwanda,11 Jan 2011,Completion,Fund for African Private Sector Assistance,Finance,Non Sovereign
P-EG-HAA-002,Lign of credit to the  Industrial Development Bank of Egypt,"UA 4,994,609.24 (est.)",Egypt,18 Aug 1977,Completion,African Development Bank,Finance,
P-RW-HAA-006,"Rwanda Development Bank , Technical Assistance ( Fapa)","538,600.43 UA",Rwanda,11 Jan 2011,Completion,Fund for African Private Sector Assistance,Finance,Sovereign
P-MA-HZ0-010,Projet d'elaboration du Code Monetaire et Financier,"UA 489,258.00 (est.)",Morocco,20 Sep 2012,Completion,Middle Income Countries Fund,Finance,Sovereign
P-TN-HAA-012,1ère ligne de crédit à la  Banque tuniso-koweïtienne (BTK),"UA 15,000,000.00 (est.)",Tunisia,21 Mar 1988,Completion,African Development Bank,Finance,Sovereign
P-KE-HAA-001,Third Line of Credit to Idb (ADB),"UA≈19,465,441.54",Kenya,22 Aug 1984,Completion,African Development Bank,Finance,
,,UA nan (est.),,,,,,
P-EG-HAA-705,Uganda - Insurance Market Development,"UA 348,930.25",Uganda,10 Apr 2012,Approved,African Development Bank,Finance,Non Sovereign
P-TN-HAA-030,Tunisia - Competitiveness Support Programme III (PAC III),"92,936,064.75 UA",Tunisia,21 Sep 2005,Completion,African Development Bank,Finance,Sovereign
P-CF-HA0-001,Ligne de Crédit Agricole,"639,105.85 UA",Central African Republic,27 Oct 1987,Completion,African Development Fund,Finance,Sovereign
P-Z1-HAA-016,Multinational - Third Line of Credit to the Eastern and Southern African Trade and development Bank (PTA Bank),"UA≈37,118,994.83",Multinational,12 Mar 2008,Completion,African Development Bank,Finance,Non Sovereign
P-Z1-H00-047,Multinational - Line of Credit to Oragroup,"UA 39,890,858.61",Multinational,24 Nov 2017,Implementation,African Development Bank,Finance,Non Sovereign
P-TN-HAA-003,3ème Ligne de Crédit à la Banque de développement économique de Tunisie (BDET),"UA 20,000,000.00",Tunisia,12 Dec 1984,Completion,African Development Bank,Finance,Sovereign
P-SL-HAB-002,"Sierra Leone - Union Trust Bank Limited
(Africa SME Program)","2,124,961.93 UA",Sierra Leone,26 Sep 2017,Implementation,African Development Bank,Finance,Non Sovereign
,,nan UA,,,,,,
P-MG-HAZ-001,Madagascar - SME Business Linkages Program,"UA≈1,000,000.00",Madagascar,15 May 2020,Implementation,Fragile States Facility,Finance,Sovereign
P-ML-HA0-001,Ligne de crédit à la Banque de développement du Mali (BDM),"UA 4,512,463.84 (est.)",Mali,15 Jan 1986,Completion,Nigerian Trust Fund,Finance,Sovereign
P-BW-HAA-001,LOC to The National Development Bank (Ndb),"UA 19,732,298.48",Botswana,08 Oct 2004,Completion,African Development Bank,Finance,Non Sovereign
P-KE-HAB-003,Kenya - Equity Bank Limited ,"UA≈104,831,455.10",Kenya,05 Nov 2014,Completion,African Development Bank,Finance,Non Sovereign
P-MA-HAA-463,Ghana - SME Credit Line,"UA 448,465.03",Ghana,09 Jun 2006,Completion,African Development Fund,Finance,Sovereign
P-KE-HAB-220,Uganda - Insurance Market Development,"UA 160,841.96 (est.)",Uganda,16 Oct 2024,Cancelled,African Development Bank,Finance,Non Sovereign
P-ZW-HA0-001,Institutional Support to Zdb,"UA≈8,142,172.48",Zimbabwe,15 Feb 1990,Completion,African Development Bank,Finance,Sovereign
P-BW-HAA-004,Botswana - Botswana Development Corporation Limited (BDC),"57,998,332.55 UA",Botswana,24 Apr 2019,Implementation,African Development Bank,Finance,Non Sovereign
P-SL-HA0-002,Line of Credit to Ndb II,"2,015,284.85 UA",Sierra Leone,31 Dec 1977,Completion,African Development Bank,Finance,
P-TN-HZ0-002,Tunisia - Financial Sector Modernization Support Program,"UA 212,879,191.06",Tunisia,13 Jul 2016,Cancelled,African Development Bank,Finance,Sovereign
P-ZR-HA0-003,Deuxième Ligne de Crédit Agricole,"UA 12,904,697.85 (est.)",Ex Zaire,13 Feb 1985,Completion,African Development Fund,Finance,Sovereign
P-RW-HAB-004,"Rwanda - Access Bank (Rwanda) Ltd
(under the Africa SME Program)","UA≈4,401,053.32",Rwanda,15 Jun 2015,Implementation,African Development Bank,Finance,Non Sovereign
P-KE-HAB-008,Kenya - Commercial Bank of Africa Limited,"UA 35,416,032.13 (est.)",Kenya,25 Jan 2017,Implementation,African Development Bank,Finance,Non Sovereign
P-TN-HAB-395,Lesotho - Digital Payments Infrastructure,"UA 9,825,285.84 (est.)",Lesotho,02 Jul 2015,Completion,Nigerian Trust Fund,Finance,Sovereign
P-ZM-HAB-001,Zambia - FAPA  Technical Assistance for Zambian Small and medium-sized enterprises (SMEs),"UA 634,472.05 (est.)",Zambia,10 Nov 2008,Completion,Fund for African Private Sector Assistance,Finance,Sovereign
P-MR-HA0-001,"Mauritania - ""Banque Populaire de Mauritanie"" (BPM) (under the Africa SME Program)","UA 4,958,244.50 (est.)",Mauritania,20 May 2016,Implementation,African Development Bank,Finance,Non Sovereign
P-ZA-HAA-011,South Africa - Land and Agricultural Development Bank of South Africa,"UA 40,592,158.41 (est.)",South Africa,20 Jun 2012,Implementation,African Development Bank,Finance,
P-ST-H00-002,São Tomé and Principe - Payments System Infrastructure and Financial Inclusion Project,"1,500,000.00 UA",Sao Tome and Principe,03 Feb 2017,Implementation,African Development Fund,Finance,Sovereign
P-MA-HZ0-001,Programme d'ajustement du secteur financier (III),"UA 150,000,000.00",Morocco,22 Nov 1995,Completion,African Development Bank,Finance,Sovereign
P-UG-HA0-001,Agricultural Line of Credit to Ucb (P),"UA 12,021,505.18 (est.)",Uganda,25 Nov 1987,Completion,African Development Fund,Finance,
P-MA-HA0-002,Ligne de Crédit à la Banque Centrale Populaire (BCP),"UA≈30,000,000.00",Morocco,29 Oct 1991,Completion,African Development Bank,Finance,Sovereign
P-EG-HAA-009,Line of Credit to Edbe,"UA 41,718,815.19 (est.)",Egypt,23 Oct 2002,Completion,African Development Bank,Finance,
P-ZA-HAA-001,South Africa - Line of Credit to the Industrial Development Corporation of South Africa Limited (IDC),"71,642,988.66 UA",South Africa,28 Jun 2000,Completion,African Development Bank,Finance,
P-TZ-HAZ-001,Financial Sector Adjustment Programme,"UA 27,457,415.99","Tanzania, United Republic of",25 May 1992,Completion,African Development Fund,Finance,Sovereign
P-Z1-HAA-007,Multinational - Sixth Line of Credit to East African Development Bank (EADB),"17,422,941.28 UA",Multinational,06 Oct 1999,Completion,African Development Bank,Finance,
,,UA nan,,,,,,
P-EG-HAB-005,Institutionnal Support to National Bank of Egypt (Mic),"UA≈300,000.00",Egypt,31 Mar 2007,Completion,Middle Income Countries Fund,Finance,Sovereign
P-TN-HAA-009,2ème ligne de crédit à la Banque tuniso-qatarie d'investissement,"UA 20,006,119.69 (est.)",Tunisia,17 Jun 1991,Completion,African Development Bank,Finance,Sovereign
P-ZR-HA0-004,Ligne de Crédit Agricole,"3,987,671.82 UA",Ex Zaire,15 Dec 1987,Completion,African Development Fund,Finance,Sovereign
P-RW-HAA-007,Rwanda - Development Bank of Rwanda,"UA 14,166,412.85 (est.)",Rwanda,16 May 2017,Implementation,African Development Bank,Finance,Non Sovereign
P-ZW-HA0-002,Zimbabwe - Central Africa Building Society Zimbabwe,"UA≈17,708,016.06",Zimbabwe,20 Apr 2016,Implementation,African Development Bank,Finance,Non Sovereign
P-KE-HAB-030,Kenya - Equity Group Holdings Plc,"UA 73,173,765.74",Kenya,28 Nov 2019,Approved,African Development Bank,Finance,Non Sovereign
P-LS-HB0-550,Mauritius - SME Credit Line,"UA 279,014,898.49",Mauritius,28 Jun 2013,Approved,Nigerian Trust Fund,Finance,Non Sovereign
P-SO-HAA-001,Lign of credit to the Somalia Development Bank,"UA 4,864,872.43 (est.)",Somalia,22 Feb 1983,Completion,African Development Bank,Finance,
P-ZA-HA0-001,South Africa - Line of Credit to Standard Bank of South Africa,"UA 163,650,294.20 (est.)",South Africa,11 Sep 2008,Implementation,African Development Bank,Finance,Non Sovereign
P-MR-HAB-003,"Mauritania - Line of Credit to the ""Banque pour le Commerce et l'Industrie""","UA 5,799,244.65 (est.)",Mauritania,17 Jul 2008,Completion,African Development Bank,Finance,Non Sovereign
P-Z1-HA0-008,"Multinational - Project to Support the Promotion of Access by MFIs
(or DFSs) to the WAEMU Regional Payment System
(PASFDSPR)","UA 4,600,000.00",Multinational,21 Sep 2016,Implementation,African Development Fund,Finance,Sovereign
P-MA-H00-004,Morocco - Morocco Economic Competitiveness Support Programme,"UA≈82,757,707.50",Morocco,08 Jul 2015,Completion,African Development Bank,Finance,Sovereign
P-RW-HA0-001,Ligne de crédit à la Banque Rwandaise de Développement,"UA 4,590,621.50 (est.)",Rwanda,28 Aug 1985,Completion,African Development Fund,Finance,Sovereign
P-Z1-HAA-055,Multinational - African Export-Import Bank,"UA 107,852,371.67 (est.)",Multinational,28 May 2014,Implementation,African Development Bank,Finance,Non Sovereign
P-ZM-HB0-002,Zambia - Technical Assistance Project for Zambia Pulse Financial Services,"UA 607,142.86",Zambia,13 Jul 2009,Completion,Fund for African Private Sector Assistance,Finance,Sovereign
P-Z1-HAA-624,Somalia - Green Finance Facility,"UA 226,976.57 (est.)",Somalia,10 May 2021,Implementation,Middle Income Countries Fund,Finance,Non Sovereign
P-MR-HZ0-002,Programme Gestion Ressources Publiques,"UA≈7,386,344.99",Mauritania,17 Dec 1996,Completion,African Development Fund,Finance,Sovereign
P-TN-HAB-002,Tunisia - Line of Credit to “Banque de Tunisie”,"UA 26,409,845.59 (est.)",Tunisia,10 Jul 2002,Completion,African Development Bank,Finance,Non Sovereign
